1bwq938	comment	neurodivergent	0	0
ky8hg3z	submission	neurodivergent	0	0
1bwmyia	comment	neurodivergent	0	0
1bwa7nt	comment	neurodivergent	0	0
1bvyqpf	comment	neurodivergent	0	0
1bvmyla	comment	neurodivergent	0	0
1bvgga5	comment	neurodivergent	0	0
1bvg33u	comment	neurodivergent	0	0
kxz73ag	submission	neurodivergent	0	0
kxzf1dm	submission	neurodivergent	0	0
ky0bzhe	submission	neurodivergent	0	0
ky0p8ot	submission	neurodivergent	0	0
ky0l06n	submission	neurodivergent	0	0
1bvfspt	comment	neurodivergent	0	0
1bv9gwe	comment	neurodivergent	0	0
kxyppkr	submission	neurodivergent	0	0
kxzeml4	submission	neurodivergent	0	0
kxy96pu	submission	neurodivergent	0	0
kxy97ax	submission	neurodivergent	0	0
kxyscgq	submission	neurodivergent	0	0
kxyauqe	submission	neurodivergent	0	0
kxygwfi	submission	neurodivergent	0	0
kxyiudw	submission	neurodivergent	0	0
1bv6f52	comment	neurodivergent	0	0